{
  "pytorch_fp32": {
    "latency_ms": 12.331797650094813,
    "fps": 81.09117813754521
  },
  "pytorch_fp16": {
    "latency_ms": 15.38841401999889,
    "fps": 64.98395472726384
  },
  "onnx_runtime": {
    "latency_ms": 13.345313914833241,
    "fps": 74.93266972824863,
    "speedup": 0.9240545204701472
  },
  "tensorrt_fp16": {
    "latency_ms": 2.9959748700821365,
    "fps": 333.781170858948,
    "speedup": 4.11612185844427
  },
  "tensorrt_fp32": {
    "latency_ms": 7.250602655565469,
    "fps": 137.91956993153016
  }
}